{
  "run_timestamp": "2025-03-06T18:01:16.390239",
  "this_run": {
    "total_runs": 2,
    "successful_runs": 0,
    "success_rate": 0.0,
    "execution_times": {
      "per_run_seconds": [
        2.759404420852661,
        1.1809332370758057
      ],
      "average_seconds": 1.9701688289642334,
      "total_seconds": 3.940337657928467
    }
  },
  "overall": {
    "total_runs": 10,
    "successful_runs": 5,
    "success_rate": 50.0
  }
}