{
  "run_timestamp": "2025-03-05T23:59:47.488777",
  "this_run": {
    "total_runs": 1,
    "successful_runs": 0,
    "success_rate": 0.0,
    "execution_times": {
      "per_run_seconds": [
        2.652677536010742
      ],
      "average_seconds": 2.652677536010742,
      "total_seconds": 2.652677536010742
    }
  },
  "overall": {
    "total_runs": 50,
    "successful_runs": 41,
    "success_rate": 82.0
  }
}